Year,Merchandise Exports_pct,Merchandise Imports_pct,Merchandise Trade Balance_pct,Service Exports_pct,Service Imports_pct,Service Trade Balance_pct,Goods and Services Balance_pct,Primary Income Receipts_pct,Primary Income Payments_pct,Primary Income Balance_pct,Secondary Income Receipts_pct,Secondary Income Payments_pct,Secondary Income Balance_pct,Total Income Balance_pct,Current Account Balance_pct,Capital transfer receipts and other credits_pct,Capital transfer payments and other debits_pct,Capital Account Balance_pct,Direct investment assets_pct,Portfolio Investment Assets_pct,Other investment assets_pct,Reserve Assets_pct,Net U.S. acquisition of financial assets excluding financial derivatives (net increase in assets / financial outflow (+))_pct,Direct investment liabilities_pct,Portfolio investment liabilities_pct,Other investment liabilities_pct,Net U.S. incurrence of liabilities excluding financial derivatives (net increase in liabilities / financial inflow (+))_pct,Asset/Liability Balance_pct,"Financial derivatives other than reserves, net transactions 2_pct",Financial Account Balance_pct,Statistical discrepancy 3_pct,GDP_Wbank
1960,0.0362553760357213,0.027229355701535618,0.00902602033418568,0.011603565388735432,0.014160814812934401,-0.002557249424198968,0.0064687709099867105,0.008516784518111426,0.002284180943115673,0.006232603574995753,0,0.007492777714049069,-0.007492777714049069,-0.0012601741390533155,0.0052085967709333955,0,0,0,0.005424468475573568,0.001223272992960978,0.004872796341493127,-0.003957647918403165,0.007562889891624509,5.811930509543109e-4,0.0010572178355454608,0.0025941505702913054,0.0042325614567910765,0.0033303284348334323,0,0.0033303284348334323,-0.0018801133934045803,541988586206.897
1961,0.03578315993679287,0.02586929560379739,0.009913864332995476,0.011202257400144772,0.01365091604710255,-0.0024486586469577775,0.007465205686037701,0.008897742176445412,0.0022155378019349074,0.006682204374510504,0,0.007345975940873332,-0.007345975940873332,-6.637715663628278e-4,0.006801434119674873,0,0,0,0.0047229215472572245,0.0013560159076902807,0.004856387679903906,-0.0010801859002204728,0.009855139234630939,5.534395633749045e-4,0.0012616998406199595,0.002998539113462104,0.004813678517456968,0.00504146071717397,0,0.00504146071717397,-0.0017599734025009024,561940310344.828
1962,0.034426181467207294,0.026936610878051617,0.00748957058915568,0.011498586476294974,0.01340535394988891,-0.0019067674735939366,0.005582803115561743,0.009306880683449814,0.002193362410980341,0.007113518272469473,0,0.007085355764171387,-0.007085355764171387,2.8162508298085946e-5,0.005610965623859829,0,0,0,0.004723018303402531,0.0016052629729908989,0.0031293516573579028,-0.002542908837503643,0.00691472409624769,5.73189874772808e-4,0.002448481603798296,1.457823958959743e-4,0.003167453874467078,0.003747270221780612,0,0.003747270221780612,-0.001860382165808854,603639413793.103
1963,0.03496067973614508,0.02676049156527484,0.008200188170870235,0.011534261615534933,0.013127521759760296,-0.0015932601442253615,0.0066069280266448744,0.009663162017587512,0.0024503242218086594,0.007212837795778854,0,0.00689575548136159,-0.00689575548136159,3.1708231441726403e-4,0.006924010341062138,0,0,0,0.005467315352056093,0.001734534442728103,0.004803326149093208,-5.93352053711514e-4,0.01141182389016589,3.62604032823703e-4,0.001495937849701251,0.003191229431734148,0.005049771314259102,0.006362052575906788,0,0.006362052575906788,-5.666669084387739e-4,637058551724.138
1964,0.037274282701066336,0.027333402082661093,0.009940880618405246,0.0114581036858813,0.012598213505371976,-0.0011401098194906765,0.00880077079891457,0.009974499241287663,0.0026061741130152262,0.007368325128272436,0,0.006197520044410858,-0.006197520044410858,0.0011708050838615794,0.009971575882776147,0,0,0,0.005494452322391607,9.910185354034342e-4,0.0077381299799790275,-2.4994715273449447e-4,0.013973653685039576,4.706607203538434e-4,2.937975304072128e-4,0.004560439277962706,0.005324897528723762,0.008648756156315811,0,0.008648756156315811,-0.0013257430849718508,684144620689.655
1965,0.035666298137213545,0.028992935751916537,0.0066733623852970134,0.011893708278703464,0.012280550331739262,-3.868420530357994e-4,0.006286520332261214,0.010024196335983416,0.002814377026964283,0.0072098193090191325,0,0.006178689794829633,-0.006178689794829633,0.0010311295141895002,0.007317649846450714,0,0,0,0.0067542352883707005,0.0010230422238821314,0.0015770216099368827,-0.001651155104421095,0.007703144017768619,5.580230312084354e-4,-8.491654822737061e-4,0.0012899228040252962,9.987803529600257e-4,0.006704363664808593,0,0.006704363664808593,-6.159819450779105e-4,741904862068.965
1966,0.036050207927321914,0.03135544014640797,0.004694767780913945,0.011827321713719807,0.012907228999976669,-0.0010799072862568626,0.003614860494657083,0.009259159511323077,0.0030527675221976454,0.00620639198912543,0,0.006095695342470399,-0.006095695342470399,1.1069664665503145e-4,0.003725557141312115,0,0,0,0.006665168091373506,8.855731732402516e-4,0.0021548947215512793,-7.010787621485326e-4,0.009004557224016503,5.239641275004823e-4,-0.001201673597577397,0.005180603063455472,0.004502893593378558,0.004501663630637946,0,0.004501663630637946,7.736465638446088e-4,813032758620.69
1967,0.03567390099097912,0.03125334324736337,0.004420557743615752,0.012408970908197163,0.013800283292766754,-0.001391312384569589,0.0030292453590461624,0.009330866753037353,0.0031955979267664393,0.006135268826270915,0,0.006158534919658365,-0.006158534919658365,-2.3266093387451327e-5,0.003005979265658711,0,0,0,0.0055908422410045535,0.0015216025075393165,0.004299574058001005,-6.165514747674602e-5,0.01135036365906813,8.119866592220512e-4,0.0036574298805073487,0.004114608615570767,0.008584025155300165,0.0027663385037679624,0,0.0027663385037679624,-2.384774572213761e-4,859620034482.759
1968,0.03576377994628945,0.035088409689170146,6.753702571193065e-4,0.012675689329681727,0.013083038634369434,-4.0734930468770773e-4,2.680209524315988e-4,0.009963572549123879,0.0035927570528330984,0.006370815496290782,0,0.005986864846180435,-0.005986864846180435,3.8395065011034596e-4,6.519716025419447e-4,0,0,0,0.005630567151479699,0.0016687495014491213,0.003450237974952804,9.253104310138531e-4,0.011674865058895477,8.593687681140153e-4,0.004020314286473982,0.005679491611050547,0.010559174665638544,0.0011156903932569332,0,0.0011156903932569332,4.658459411311122e-4,940225000000
1969,0.03578988973217972,0.03519329328390617,5.96596448273551e-4,0.012586514195372479,0.013094653180145834,-5.08138984773354e-4,8.845746350019701e-5,0.010725958879751668,0.004785548775360659,0.00594041010439101,0,0.005636706146373666,-0.005636706146373666,3.037039580173431e-4,3.9216142151754014e-4,0,0,0,0.005857849805124158,0.0015224512329089467,0.0028463646032952285,0.001158792771852581,0.011385458413180914,0.0012413530711194317,7.066768472960184e-4,0.010536266763579024,0.012484296681994474,-0.0010988382688135586,0,-0.0010988382688135586,-0.0014909996903310987,1017438172413.79
1970,0.039568509544834964,0.03714328572639786,0.0024252238184371048,0.013203168164069233,0.013527400929653603,-3.2423276558436905e-4,0.002100991052852736,0.010945650948520595,0.005137412268483364,0.005808238680037231,0,0.005735565818785562,-0.005735565818785562,7.267286125166891e-5,0.0021736639141044047,0,0,0,0.007071628421797013,0.001002512803933279,0.0029357972538975484,-0.0023115560098127,0.008698382469815141,0.0013640137034928626,0.010910246221244141,-0.005541771522114445,0.006732488402622559,0.0019658940671925824,0,0.0019658940671925824,-2.040430335143012e-4,1073303000000
1971,0.0371884792033309,0.03912864317294072,-0.0019401639696098212,0.014043009829591793,0.013221444821221617,8.215650083701764e-4,-0.0011185989612396447,0.010907842211443532,0.004666695282654419,0.0062411469287891146,0,0.006354466240288449,-0.006354466240288449,-1.1331931149933469e-4,-0.0012319182727389792,0,0,0,0.006539897840923724,9.554878310512082e-4,0.005229857921620809,-0.0020165686569086146,0.010708674936687127,3.1592050478602393e-4,0.024754260205176633,-0.004735373653260076,0.02033480705670258,-0.009626132120015453,0,-0.009626132120015453,-0.008395072326909043,1164850000000
1972,0.038605749310067154,0.04362173698900016,-0.005015987678933008,0.013948761248055289,0.013186512496970549,7.622487510847387e-4,-0.0042537389278482695,0.011542400575400083,0.0051379474791065655,0.006404453096293517,0,0.006679644440274879,-0.006679644440274879,-2.7519134398136205e-4,-0.004528930271829632,0,0,0,0.006056554948362534,4.83930232739952e-4,0.004790049331175583,3.1271743634245687e-6,0.011333661686641494,7.411403241316227e-4,0.010259477292805155,0.006332528085934751,0.017333145702871526,-0.005999484016230035,0,-0.005999484016230035,-0.0014689901572186913,1279110000000
1973,0.05009906158094426,0.049459931975843564,6.391296051006892e-4,0.013913521765485036,0.013219669757313158,6.938520081718789e-4,0.0013329816132725682,0.015300524212558652,0.006774352872505219,0.008526171340053432,0,0.004850649933771861,-0.004850649933771861,0.0036755214062815706,0.005008503019554139,0,0,0,0.007964915923938666,4.714545495364031e-4,0.00772217295646903,-1.1084794468266619e-4,0.016047695485261432,0.0019643939564016792,0.003360516803987158,0.0075755449790090475,0.012900455739397885,0.0031472397458635476,0,0.0031472397458635476,-0.0018619648429607344,1425376000000
1974,0.06361847295215058,0.0671810194254237,-0.0035625464732731357,0.014619707062254933,0.013834717258062323,7.849898041926092e-4,-0.0027775566690805267,0.017852855505574205,0.007820129261222991,0.010032726244351213,0,0.005984819216136232,-0.005984819216136232,0.00404790702821498,0.0012703503591344532,0,0,0,0.005857978324444763,0.0011991641444096493,0.014478628927618505,9.49365245466247e-4,0.022485136641939164,0.0030810688027708266,0.00355931073624019,0.016157329300310698,0.022797708839321713,-3.125721973825476e-4,0,-3.125721973825476e-4,-0.0015816282617038227,1545243000000
1975,0.06355733026926164,0.058273349698261735,0.00528398057099989,0.015132612896639808,0.013054749706808222,0.0020778631898315868,0.0073618437608314775,0.01504596107552715,0.007457398166305024,0.007588562909222128,0,0.004199645795843561,-0.004199645795843561,0.0033889171133785665,0.010750760874210043,0,0,0,0.008453894109100578,0.003707629633498407,0.010898543774600807,5.038862748263402e-4,0.023563953792026134,0.001544895139426341,0.007573725268620646,8.938194698332962e-4,0.010012439877880282,0.01355151391414585,0,0.01355151391414585,0.002799566028687688,1684904000000
1976,0.061249207328660224,0.0663110944095586,-0.005061887080898382,0.014930511814806355,0.01311510762181517,0.0018154041929911839,-0.0032464828879071985,0.01567941275063894,0.007105751431078695,0.008573661319560246,0,0.003035103863965855,-0.003035103863965855,0.005538557455594392,0.002292074567687193,0,0,0,0.006378201911805838,0.0047426834033303935,0.014880335985890983,0.0013654230889948394,0.027366644390022055,0.0023203651946288374,0.008628641217201555,0.009249433653675754,0.020198440065506144,0.00716820432451591,0,0.00716820432451591,0.004875595971414724,1873412000000
1977,0.05803366851984748,0.07296815391872327,-0.014934485398875794,0.01512422267759169,0.013276806034702228,0.0018474166428894634,-0.013087068755986331,0.015541644690766665,0.006829581338690169,0.008712063352076495,0,0.0025107765970835217,-0.0025107765970835217,0.006201286754992972,-0.006885782000993359,0,0,0,0.005711812610660065,0.002622217226607795,0.00819472905036252,1.8013032789483848e-4,0.016708889215525217,0.001790735633045221,0.01806827275670493,0.005488931351611518,0.02534793974136167,-0.008639050525836453,0,-0.008639050525836453,-0.0017537488723841474,2081826000000
1978,0.06041633798959772,0.07484354262780346,-0.014427204638205748,0.015458843110581355,0.013688133053296928,0.0017707100572844265,-0.012656494580921322,0.017897184001183876,0.009219258895755611,0.008677925105428265,0,0.0024613039893281127,-0.0024613039893281127,0.0062166211161001515,-0.00643987346482117,0,0,0,0.006828119930311248,0.001541929555166506,0.017936306317531178,-3.1127756050244957e-4,0.02599507824250648,0.0033577153247641286,0.012792572202998896,0.012032663732209445,0.02818295125997247,-0.002187873017465988,0,-0.002187873017465988,0.004251149962217198,2351599000000
1979,0.0702000850291912,0.08069285469333351,-0.010492769664142308,0.015107715694965199,0.013964350921638025,0.0011433647733271725,-0.009349404890815136,0.024296501433202413,0.012545421535831202,0.011751079897371213,0,0.002509388798450748,-0.002509388798450748,0.009241691098920465,-1.0771379189467038e-4,0,0,0,0.009600229586428519,0.004731033333041529,0.010378204818346209,4.3123578168431637e-4,0.025140703519500575,0.004520173118519807,-0.005139051654282118,0.016107208336362387,0.015488329800600074,0.009652373718900497,0,0.009652373718900497,0.009761609967217708,2627333000000
1980,0.0784829911521583,0.0874074784403636,-0.008924487288205291,0.01665379323957839,0.014521365747537804,0.0021324274920405824,-0.006792059796164711,0.025410290178829224,0.014885694816832773,0.010524595361996455,0,0.0029219821321265094,-0.0029219821321265094,0.0076026132298699445,8.105534337052337e-4,0,0,0,0.006727313515838515,0.0021145785174641715,0.018741423305231115,0.0028537360528637632,0.030437051391397563,0.005920959840857143,0.008338270966332984,0.007452121875598247,0.021711352682788374,0.00872569870860919,0,0.00872569870860919,0.007914445315116647,2857307000000
1981,0.07391361694471632,0.08265157819934325,-0.00873796125462693,0.01788408691999884,0.014188468435545413,0.003695618484453426,-0.005042342770173502,0.026980945987282356,0.01672133284233036,0.010259613144951999,0,0.0036488463976606473,-0.0036488463976606473,0.006610766747291351,0.001568423977117848,0,0,0,0.0030008970886246855,0.004879887722046584,0.026097888988634695,0.0016139488082628193,0.035592622607568784,0.007856463325539024,0.005459549784365089,0.013401450121778923,0.026717463231683038,0.008875159375885747,0,0.008875159375885747,0.007306735398767899,3207041000000
1982,0.0631490204674996,0.07406029507244626,-0.010911274604946663,0.019163290506667735,0.015476455003590238,0.0036868355030774966,-0.007224439101869167,0.028866055842638398,0.01835014111237282,0.010515914730265577,0,0.004947979672162328,-0.004947979672162328,0.0055679350581032475,-0.0016565040437659195,0,0,0,0.005800904303471302,0.0037068726525507443,0.03169009767063651,0.0014848424945473535,0.042682717121205915,0.00821672659369356,0.005890024759337386,0.01875925783594599,0.03286600918897694,0.009816707932228977,0,0.009816707932228977,0.011472613852130024,3343789000000
1983,0.05553023936458562,0.07399509856528742,-0.01846485920070181,0.017695742311995638,0.015127249632502468,0.00256849267949317,-0.015896366521208637,0.02642542538080229,0.016412321500215463,0.010013103880586828,0,0.004763571542179801,-0.004763571542179801,0.0052495323384070276,-0.010646834182801612,0,0,0,0.005735768310623059,5.676880649019081e-4,0.013920602921598508,3.2883530662034904e-4,0.020552894603743824,0.005142488878762412,0.0050582850261884985,0.016137695863389433,0.026338469768340343,-0.005785575164596517,0,-0.005785575164596517,0.004861259018205093,3634038000000
1984,0.05446931144713473,0.08233032734935221,-0.027861015902217474,0.017626255909122545,0.016779220792086807,8.470351170357337e-4,-0.027013980785181742,0.028640436812542462,0.019955850152057662,0.008684586660484796,0,0.005036143880059828,-0.005036143880059828,0.003648442780424969,-0.023365538004756773,0,0,0,0.006630154995042863,8.663534618102329e-4,0.004294616646023281,7.757058440221983e-4,0.012566830946898576,0.008626879297248152,0.009583632705759567,0.013098333099284156,0.03130884510229187,-0.018742014155393297,0,-0.018742014155393297,0.004624762204797735,4037613000000
1985,0.04976170661346828,0.07791879149449675,-0.028157084881028464,0.01686018761556578,0.016792660208772615,6.752740679316493e-5,-0.028089557474235298,0.024209842914658036,0.01828172019269971,0.005928122721958322,0,0.005070086764651315,-0.005070086764651315,8.580359573070069e-4,-0.02723152151692829,0,0,0,0.0048953912890567115,6.932506472144714e-4,0.004369000172621255,8.891492676041991e-4,0.010846791376496636,0.00508345396463085,0.015672811507038868,0.013017578559379983,0.0337738440310497,-0.022927052654553064,0,-0.022927052654553064,0.004304468862375227,4338979000000
1986,0.04876899470721549,0.08044862129721805,-0.031679626590002556,0.01892947270205831,0.017500754973490223,0.0014287177285680877,-0.03025090886143447,0.022446786651588304,0.019063544639295174,0.00338324201229313,0,0.005269201819971959,-0.005269201819971959,-0.0018859598076788283,-0.0321368686691133,0,0,0,0.004263225574287536,0.0019617301044560142,0.017262744531164192,-6.834611784224537e-5,0.023419354092065497,0.0067573129800195695,0.022817777240131357,0.019305267171088675,0.048880357391239596,-0.025461003299174105,0,-0.025461003299174105,0.006675210295327288,4579631000000
1987,0.051533866162466545,0.08439688046770329,-0.03286301430523674,0.020320624318387548,0.018699068939274574,0.0016215553791129743,-0.031241458926123764,0.023398139938190173,0.020454089056818288,0.0029440508813718858,0,0.004791754845048056,-0.004791754845048056,-0.001847703963676171,-0.033089162889799933,0,0,0,0.008196341459646999,0.0016277343021884716,0.009373014377324176,-0.0018841596098216043,0.017312930529338043,0.013023522130327906,0.016401127447497176,0.02245008717430639,0.05187473675213147,-0.03456180622279343,0,-0.03456180622279343,-0.001472437368890976,4855215000000
1988,0.06115416624812516,0.08539946429233002,-0.024245298044204857,0.021182338070268376,0.018815270991464045,0.0023670670788043325,-0.02187823096540053,0.027053886630568336,0.02348562133266927,0.0035682652978990684,0,0.004826563400540596,-0.004826563400540596,-0.0012582981026415284,-0.023136529068042054,0,0,0,0.004144229340631933,8.763590822616443e-4,0.014426600677788986,7.472636933732434e-4,0.02019445279405581,0.010868074824909606,0.016573479911344315,0.01915653350617347,0.04659808824242739,-0.02640363544837158,0,-0.02640363544837158,-0.0032671063803295292,5236438000000
1989,0.06379702140180588,0.08466865665292347,-0.020871635251117595,0.022526845316383,0.01816512395463682,0.004361721361746177,-0.016509913889371418,0.029492447151329947,0.025978537927318232,0.003513909224011713,0,0.0046385941527019026,-0.0046385941527019026,-0.0011246849286901896,-0.01763459881806161,0,3.669184873741044e-5,-3.669184873741044e-5,0.009035234810106388,0.005524338926329149,0.013378521619829907,0.004483318502972572,0.03242141385923802,0.01343612959490072,0.013267914307693944,0.014118208019739151,0.04082225192233382,-0.0084008380630958,0,-0.0084008380630958,0.009270275348395309,5641580000000
1990,0.06496589718443828,0.08358644366126325,-0.018620546476824977,0.024791116900749,0.01973120219803513,0.00505991470271387,-0.013560631774111107,0.029664552792956198,0.02487697764803265,0.00478757514492355,0,0.0044697897619108305,-0.0044697897619108305,3.177853830127195e-4,-0.013242846391098387,0,0.0012109383908891014,-0.0012109383908891014,0.01005073833534793,0.005124310263176606,0.001901010607827012,3.618896340588119e-4,0.01743794884041036,0.01194789191741806,0.004321042725112793,0.01091622137583798,0.027185156018368833,-0.009747207177958473,0,-0.009747207177958473,0.004706577604029015,5963144000000
1991,0.06724168980545876,0.07973525725102544,-0.012493567445566666,0.02667368611472738,0.019236199826278406,0.007437486288448976,-0.005056081157117689,0.02522308317997236,0.0213048476249848,0.003918235554987562,0,-0.0016082806969454522,0.0016082806969454522,0.005526516251933014,4.7043509481532465e-4,0,8.328828447731445e-4,-8.328828447731445e-4,0.00799804615979951,0.005204990022131722,3.410126679710672e-5,-9.358361931034573e-4,0.012301301255624883,0.005608034518276574,0.011783124387293608,0.002028051052519361,0.01941920995808954,-0.007117908702464661,0,-0.007117908702464661,-0.006755460952506841,6158129000000
1992,0.06742468590915762,0.08228544365949744,-0.014860757750339822,0.027184372808296272,0.018337423874600155,0.008846948933696117,-0.006013808816643705,0.02133052529420687,0.017613380433220603,0.0037171448609862666,0,0.005618583239766963,-0.005618583239766963,-0.0019014383787806963,-0.007915247195424403,2.3541764086371743e-4,1.3342889091298641e-5,2.2207475177241876e-4,0.009011051132864963,0.007773229778199774,-0.003165332045463364,-5.982828775305287e-4,0.013020665988070843,0.00464930669888182,0.014140241739409696,0.008638830537180113,0.027428378975471627,-0.014407712987400786,0,-0.014407712987400786,-0.0067137737110424065,6520327000000
1993,0.06662376163855993,0.08593554418646832,-0.01931178254790839,0.027107735021306954,0.018047522810549565,0.00906021221075739,-0.010251570337150996,0.020646611044681542,0.016955019268624794,0.003691591776056749,0,0.005804572068272651,-0.005804572068272651,-0.002112980292215901,-0.012364550629366897,5.832128877217502e-7,1.0497831978991506e-4,-1.0439510690219331e-4,0.012072360972618301,0.020108742958980158,-0.003309149924933211,2.010626430420734e-4,0.029073016649707323,0.007320925576349201,0.025426186462783214,0.007874686213241004,0.04062179825237342,-0.011548781602666099,0,-0.011548781602666099,9.204557400468524e-4,6858559000000
1994,0.06900545007736815,0.09176181476762932,-0.022756364690261162,0.02749945246730036,0.018258911883737537,0.009240540583562822,-0.013515824106698342,0.023252574775950715,0.020899830882381194,0.0023527438935695235,0,0.00552541457419521,-0.00552541457419521,-0.003172670680625686,-0.016688494787324027,5.489049620459664e-7,1.5287003192980162e-4,-1.523211269677557e-4,0.012348714931148107,0.007422292896785558,0.006865154360308902,-7.336114817744342e-4,0.02590255070646813,0.007676710346693863,0.018093142585199656,0.017181274217000792,0.04295112714889431,-0.017048576442426182,0,-0.017048576442426182,-2.0776052813439828e-4,7287236000000
1995,0.07529095523949805,0.0980888246459406,-0.02279786940644254,0.028689816903670524,0.01850806878602949,0.010181748117641038,-0.012616121288801505,0.027967018288166275,0.02523263526066105,0.0027343830275052233,0,0.004983671583974814,-0.004983671583974814,-0.002249288556469591,-0.014865409845271094,3.403253169704921e-5,6.296018363954104e-5,-2.8927651942491826e-5,0.014403745463365354,0.01878412497583363,0.013124253165908985,0.0012751727838178977,0.047587296388925865,0.009040480256615762,0.03330358104696895,0.016086261472726394,0.058430322776311105,-0.010843026387385239,0,-0.010843026387385239,0.004051311109828347,7639749000000
1996,0.07582110117994005,0.099479854262081,-0.023658753082140962,0.029664979669575164,0.018896530982685508,0.010768448686889658,-0.012890304395251304,0.02843138007823987,0.02566689813432771,0.002764481943912157,0,0.0053284218918034434,-0.0053284218918034434,-0.0025639399478912866,-0.015454244343142591,2.4773563436796817e-7,1.1148103546558567e-6,-8.670747202878886e-7,0.012761357997562776,0.019841023088713387,0.02081140356853272,-8.259506049828059e-4,0.05258783404982608,0.012094949141112943,0.04856943819256045,0.008581066903237681,0.06924545423691109,-0.016657620187084995,0,-0.016657620187084995,-0.0012022610335877494,8073122000000
1997,0.07908620081813553,0.10221960764563129,-0.023133406827495772,0.029855487906106544,0.019344913327252345,0.0105105745788542,-0.012622832248641571,0.030469882316073397,0.029000115650712463,0.0014697666653609328,0,0.005253480247044844,-0.005253480247044844,-0.0037837135816839117,-0.016406545830325484,1.7487506925052744e-6,3.171067922409564e-5,-2.9961928531590368e-5,0.014147626269126669,0.014110785921204558,0.030151493106657937,1.1774921329535513e-4,0.05852765451028452,0.01424065980596795,0.03626967227945689,0.033546167950949175,0.08405650003637401,-0.025528845526089493,0,-0.025528845526089493,-0.009092920684129925,8577552000000
1998,0.0739743503592757,0.10136329576113033,-0.02738894540185463,0.028992972052729302,0.019936075063636396,0.009056896989092905,-0.018332048412761728,0.029377620666951567,0.02890690609773981,4.707145692117583e-4,0,0.005868705061571915,-0.005868705061571915,-0.005397990492360156,-0.023730038905121886,1.765455486963932e-6,2.7585241983811435e-6,-9.930687114172118e-7,0.01928219448765213,0.014585531187488393,0.007968383340411707,7.484427855047718e-4,0.042584551801057,0.02329871606146301,0.02492359715527744,0.001751221502100285,0.04997353471884073,-0.007388982917783731,0,-0.007388982917783731,0.016342159397017508,9062817000000
1999,0.07252741410910324,0.10752492012394753,-0.0349975060148443,0.02886460754724347,0.020427731952040725,0.008436875595202745,-0.026560630419641556,0.031412480225667234,0.03037698838729077,0.0010354918383764717,0.0035700743377856817,0.007803930819634411,-0.0042338564818487304,-0.0031983646434722585,-0.029758995063113816,4.672328559805598e-6,6.721923354706986e-4,-6.675200069108931e-4,0.025696249636077518,0.014640689627389066,0.015249234464922858,-9.081968425026569e-4,0.054677976885886784,0.032441430804059986,0.028936976725158683,0.018073501335040015,0.07945190886425868,-0.024773931978371896,0,-0.024773931978371896,0.005652063944035056,9631172000000
2000,0.07657240029999164,0.12015684006714693,-0.043584439767155286,0.029072714417158526,0.02155194951649369,0.007520764900664836,-0.03606367486649045,0.035666150812139204,0.0342387711892515,0.0014273796228877085,0.003662586655366253,0.008234162056363155,-0.004571575400996902,-0.0031441957781091945,-0.03920787064459964,4.097180437485221e-6,4.1547360674403704e-4,-4.113764263065518e-4,0.018180750431764776,0.015580309028858978,0.023540057547825802,2.8290055401683666e-5,0.05732940706385124,0.0340578123865959,0.04311462974365698,0.026825215843367525,0.1039976579736204,-0.046668250909769164,0,-0.046668250909769164,-0.007048906286947788,10250952000000
2001,0.06911131231366228,0.10902549053201925,-0.03991417821835697,0.026841514434655534,0.020982752766532456,0.00585876166812308,-0.0340554165502339,0.029424124845290493,0.02722754991079604,0.0021965749344944577,0.003913369670123471,0.009295375162694816,-0.005382005492571344,-0.0031854305580768876,-0.037240847108310784,0.0012504336402181493,1.0054877518078225e-4,0.0011498848650373671,0.013800980898662238,0.010103923396197423,0.012137862576851536,4.640930779255843e-4,0.03650685994963678,0.016300997672541558,0.04077630836494934,0.01742187081391304,0.07449917685140395,-0.03799231690176715,0,-0.03799231690176715,-0.0019013546584937396,10581929000000
2002,0.06386934780038774,0.1073537748917844,-0.04348442709139666,0.0263571372887888,0.021363134118539226,0.004994003170249576,-0.038490423921147085,0.028034492842416783,0.026432715277404158,0.001601777565012625,0.004851082082819568,0.009695942248900824,-0.0048448601660812576,-0.0032430826010686324,-0.04173350652221572,5.306928982676354e-6,3.5528974551262554e-4,-3.499828165299492e-4,0.016376908344212536,0.007277080618107169,0.005213417234050574,3.368069928488217e-4,0.029204213189219102,0.010161396520191766,0.046129565194158575,0.01890675798976458,0.07519771970411492,-0.04599350651489582,0,-0.04599350651489582,-0.003910108674925712,10929108000000
2003,0.06375849412339774,0.11103692679669531,-0.04727843267329758,0.025988853440638244,0.022026020276787312,0.003962833163850931,-0.04331559950944665,0.030282504615304046,0.027729183123917093,0.002553321491386948,0.0054145044931021395,0.010241479690480036,-0.004826975197377897,-0.0022736537059909485,-0.045589253215437595,7.681262520239691e-6,7.497086793902125e-4,-7.420274168699728e-4,0.01704000803041082,0.011614418078898786,0.0038712690231267103,-1.329382138446028e-4,0.03239275691859171,0.010221840098808969,0.048022118544575325,0.021332088037742933,0.07957604668112724,-0.04718328976253552,0,-0.04718328976253552,-8.526201397466057e-4,11456450000000
2004,0.0674118676658703,0.12182410759391926,-0.05441223992804896,0.028200906329079112,0.023786882030868622,0.004414024298210489,-0.049998215629838465,0.03542866955723719,0.03161576518867341,0.003812904368563785,0.00492306090530102,0.010786435774624554,-0.0058633748693235335,-0.0020504705007597488,-0.052048686130598217,3.0817218615466265e-4,6.637365889849029e-4,-3.5556440283024025e-4,0.03061308012083951,0.01571195223519374,0.04055791525322177,-2.295944175733941e-4,0.08665335319168162,0.017486991286707686,0.07099329502448842,0.04255469094545098,0.1310349772566471,-0.04438162406496548,0,-0.04438162406496548,0.008022626468462976,12217196000000
2005,0.07002087628555655,0.13005563149325836,-0.06003475520770183,0.02902686415428803,0.023945186195131498,0.005081677959156534,-0.05495307724854529,0.041129373227507794,0.037740667619332695,0.003388705608175105,0.005012195152815009,0.010907956985387981,-0.005895761832572972,-0.002507056224397867,-0.05746013347294315,0.0011866528283911962,0.0011138722729628213,7.2780555428374915e-05,0.004033300516895327,0.020499038399373826,0.019725907968105704,-0.0010809714739335558,0.04317727541044131,0.010916699855060092,0.06381052452846599,0.023212625746815544,0.09793985013034162,-0.054762574719900314,0,-0.054762574719900314,0.002624624813936012,13039197000000
2006,0.07534282121861959,0.1359475021792421,-0.06060468096062251,0.030623825284825115,0.025285143594736464,0.005338681690088648,-0.05526599927053386,0.04849009991109315,0.047333796916134485,0.0011563029949586637,0.005089036054432158,0.010089693645212077,-0.005000657590779918,-0.0038443545958212547,-0.05911035386635511,7.238203411321838e-7,5.392461541434769e-4,-5.385223338023449e-4,0.02054202128133138,0.035710834642302104,0.03979774143443675,-1.7183494898478046e-4,0.09587876240908545,0.02160343142956761,0.0815553712065571,0.05032578067823848,0.1534845833143632,-0.05760582090527776,-0.0021504702335037183,-0.05975629113878147,-1.0727017455578966e-4,13815583000000
2007,0.08049831742321595,0.1372334331060696,-0.056735115682853686,0.03424458976326752,0.026631057628773016,0.007613532134494496,-0.049121583548359195,0.05644093764448094,0.05199455197196009,0.004446385672520842,0.00484875600964694,0.01106048626565783,-0.006211730256010891,-0.0017653445834900487,-0.050886928131849245,3.4682333316844256e-5,4.53219335773901e-4,-4.1853700245705677e-4,0.03619460740842275,0.026309244265048194,0.04550501760784755,8.428774232380477e-6,0.10801729805555087,0.023947045742266877,0.07990844140357606,0.0474539298399887,0.15130941698583164,-0.043292118930280774,-4.298674858514043e-4,-0.043721986416132175,0.007583478718174124,14474228000000
2008,0.08861254086192545,0.14497677771126094,-0.05636423684933549,0.03661456010895701,0.028480293180802908,0.008134266928154102,-0.048229969921181386,0.055535048330173975,0.04795068498270329,0.00758436334747068,0.005724291804486731,0.012237013453477087,-0.006512721648990356,0.0010716416984803245,-0.047158328222701065,4.1841961691991436e-4,4.301326579760867e-4,-1.1713041056172359e-5,0.023262505770196094,-0.019246489913040486,-0.02584689010635306,3.282359713313503e-4,-0.021502638277866103,0.023093716109195875,0.035456187742309304,-0.027242366922588714,0.03130753692891647,-0.052810175206782564,0.0022306911195243396,-0.05057948408725823,-0.0034095782343802534,14769862000000
2009,0.07392775568727511,0.10913231718018711,-0.035204561492912005,0.03608637810558551,0.02814864719164513,0.007937730913940375,-0.027266830578971626,0.04511810865359305,0.03713783062338363,0.007980278030209419,0.005881724404231587,0.012823051585546606,-0.00694132718131502,0.0010389508488944,-0.026227879730077227,4.834899576027656e-7,4.0647691435603936e-4,-4.0599342439843664e-4,0.021591072896678817,0.02596230560336542,-0.04210872901748555,0.0036093216034985887,0.009053971086057275,0.011125932764366957,0.02468230047560907,-0.013315865992331711,0.022492367247644314,-0.01343839616158704,-0.003095440848560792,-0.016533837010147833,0.010099898004339945,14478067000000
2010,0.0857386196039583,0.12884269628800532,-0.04310407668404704,0.03867639853914264,0.02900238162463068,0.009674016914511962,-0.03343005976953507,0.04805790375966569,0.03676729791026908,0.011290605849396614,0.006107660118422715,0.012675218790706686,-0.006567558672283973,0.004723047177112641,-0.02870701259242243,6.644972603110206e-7,4.585695593406353e-4,-4.5790506208032427e-4,0.02324597475800837,0.013264627860602562,0.027075140220550627,1.2186879754104116e-4,0.0637076116367026,0.017545319211526158,0.05451754807687516,0.02037149250935496,0.09243435979775627,-0.02872674816105367,-9.353463436137926e-4,-0.029662094504667464,-4.971104004386746e-4,15048971000000
2011,0.09608408657276933,0.1435848385087641,-0.047500751935994796,0.04132545353984287,0.029371530228852652,0.011953923310990214,-0.03554682862500458,0.050736128030917454,0.037759558946269076,0.012976569084648377,0.006516329895923853,0.013132533302495196,-0.006616203406571344,0.006360365678077034,-0.02918646294692755,8.333476498185995e-7,5.789843056278147e-4,-5.78150957977996e-4,0.027988557752146,0.005472145290701148,-0.002903896041290966,0.0010177738950899926,0.03157458089664617,0.016891251721503936,0.01997630472113239,0.026179744626382045,0.06304730106901836,-0.031472720172372196,-0.002244012909965376,-0.033716733082337566,-0.003951990970101281,15599732000000
2012,0.09613842033669313,0.1417345423917972,-0.04559612205510408,0.042132660513093105,0.028892018380740212,0.013240642132352896,-0.03235547992275118,0.04870268617451613,0.0365297831852772,0.012172902989238937,0.00689462328280414,0.01243991467930604,-0.005545291396501901,0.006627611592737036,-0.025727868330014145,4.727460429667337e-4,4.1540620537628656e-4,5.7339837590447136e-5,0.02320903754590417,0.014961390970944328,-0.027902229424565196,2.743945017740281e-4,0.010542593594057329,0.01540196025955505,0.04595904877393031,-0.02247617043713013,0.03888483859635523,-0.0283422450022979,4.346015158142903e-4,-0.02790764348648361,-0.002237053470629022,16253970000000
2013,0.09441010177135604,0.13590960744894032,-0.04149950567758426,0.04261752916040187,0.02758981967731993,0.015027709483081936,-0.02647179619450232,0.04807269942809779,0.036493843288212924,0.011578856139884863,0.007451653466865055,0.012671525198358385,-0.005219871731493329,0.006358984408391532,-0.020112811786110785,1.1847861843030878e-6,3.8973541532650067e-4,-3.8855062914219763e-4,0.023268963702475783,0.027115845964289478,-0.013106223249379188,-1.8358261925776345e-4,0.03709500379812831,0.017068740642780862,0.03032975620713925,0.014925225478139717,0.06232372232805983,-0.02522871852993152,1.3162974507607305e-4,-0.025097088784855445,-0.004595963326839323,16880683000000
2014,0.09288676633497533,0.13547599411135922,-0.042589227776383846,0.04299443813991008,0.0278897746030841,0.015104663536825984,-0.02748456423955787,0.048037901565741926,0.036666171062493945,0.011371730503247987,0.007984262731243929,0.012887620485482337,-0.00490335775423841,0.0064683727490095775,-0.02101619149054829,2.782804178386153e-6,3.7391801449988637e-4,-3.711352103215002e-4,0.022008459951869983,0.03303410048240194,-0.005674648847027437,-2.0348545655423644e-4,0.049164426130690254,0.014303386309216796,0.039618385544229605,0.009085514890898741,0.06300728674434514,-0.013842860613654891,-0.0030857890822981963,-0.016928649695953087,0.004458563421072688,17608138000000
2015,0.08261161138996358,0.12425513195695506,-0.041643520566991485,0.042055053345394174,0.02723714033858068,0.014817913006813494,-0.026825607560177992,0.045090360387163304,0.03496711317982233,0.01012324720734097,0.007262304564974762,0.012885802414307415,-0.005623497849332651,0.004499749358008319,-0.022325858202169674,3.6075392979914367e-6,4.3760544878362797e-4,-4.3399790948563647e-4,0.01651110611035714,0.005857004029348098,-0.014147621273309418,-3.43918746408517e-4,0.007876570119987304,0.02795493133950831,0.01169225350353558,-0.01212767256486588,0.02751951227817801,-0.019642942158190707,-0.0014777246200181591,-0.02112066677820887,0.0016394079721917753,18295019000000
2016,0.07750065102667585,0.11737331621794794,-0.03987266519127209,0.04166097444853906,0.027284731389079015,0.014376243059460047,-0.02549642213181204,0.04558595937136215,0.03513964675082517,0.010446312620536984,0.007504687737720456,0.013524391205638654,-0.006019703467918198,0.004426609152618786,-0.021069812979193258,4.094674620403721e-6,3.5533267290308653e-4,-3.512379982826828e-4,0.015943386709632745,0.0019935215866194113,-1.571397857570519e-4,1.11141168268101e-4,0.017890909678763205,0.0252267585603826,0.01229811592321645,5.530469617168663e-5,0.03758017917977074,-0.01968926950100753,4.162210162844146e-4,-0.019273048484723117,0.0021480556703452973,18804913000000
2017,0.07938990935290874,0.12014754971190748,-0.040757640358998745,0.042701899062119915,0.028302422657194015,0.014399476404925896,-0.02635816395407285,0.05075651758286796,0.03760438325274874,0.01315213433011923,0.008184436324061541,0.013722751390952383,-0.005538315066890841,0.007613819263228389,-0.018744344690844458,9.789873619870017e-4,3.470306242543507e-4,6.31956737732651e-4,0.020875528793395017,0.027571139493359764,0.01088781814412346,-8.622227235000103e-5,0.05924826415852824,0.019417704435761143,0.04032255186109067,0.019762644514086252,0.07950290081093805,-0.020254636652409824,0.0012236322246335452,-0.019031004427776277,-9.185654857393664e-4,19612102000000
2018,0.08118087290228419,0.12372183189072156,-0.04254095898843735,0.04190198385826535,0.027371266287112502,0.014530717571152851,-0.028010241417284504,0.05339545158534963,0.04103741405375427,0.012358037531595357,0.007192790884968211,0.01283420689142351,-0.0056414160064553,0.006716621525140058,-0.021293619892144445,1.588360786494683e-4,3.650664032598721e-4,-2.062303246104038e-4,-0.00632822108045713,0.018486321701103904,0.008403062743010486,2.4152185199091659e-4,0.020802685215648174,0.010394637701730533,0.014672125735046511,0.009410444626770554,0.0344772080635476,-0.013674522847899424,-9.877754796597839e-4,-0.014662298327559206,0.006837406656572676,20656516000000
2019,0.07690481959928713,0.11673769288654383,-0.0398328732872567,0.041408886366334524,0.027568473140333144,0.013840413226001382,-0.025992460061255322,0.05293852931001917,0.0414429919621846,0.011495537347834562,0.007278896186794583,0.013308105724559212,-0.0060292095377646295,0.005466327810069932,-0.02052613225118539,3.2990426503486413e-6,3.0323313149542585e-4,-2.999340888450772e-4,0.005339988416178412,-5.321681052738449e-4,0.009639245039645432,2.1648224940808904e-4,0.014663547599958087,0.014682273151903026,0.010848181542135163,0.013141109114906352,0.03867156380894454,-0.02400801620898645,-0.0019362127780285616,-0.025944228987015015,-0.0051180697162056645,21521395000000
2020,0.06724454167927045,0.1100563477380006,-0.04281180605873015,0.03406165657190961,0.021906490424636365,0.012155166147273242,-0.030656639911456906,0.04474076054204507,0.03640621958969092,0.008334540952354154,0.00784201998316368,0.013714847148260441,-0.0058728271650967615,0.0024617137872573916,-0.028194926124199514,1.74459912910737e-5,2.8054279543871744e-4,-2.630968041476437e-4,0.01324075702470812,0.019057775776803867,0.012058978706042082,4.2081419315807616e-4,0.04477832570071214,0.00642814432336989,0.044391606227093344,0.025232859430801086,0.07605260998126433,-0.03127428428055217,-2.3950719764385324e-4,-0.031513791478196024,-0.003055627856370718,21322950000000
2021,0.07484320928458559,0.12075270224066416,-0.045909492956078594,0.034116594998116256,0.024151405073596793,0.009965189924519469,-0.03594430303155913,0.04444208791621915,0.03939598112759961,0.005046106788619545,0.007425267856942292,0.013315232144943779,-0.0058899642880014865,-8.438574993819411e-4,-0.03678816053094107,1.6377023493781116e-4,2.2408209940895642e-4,-6.031186447114526e-5,0.014493241955984545,0.030157669963220782,9.977523552461213e-4,0.004831433848671302,0.05048009812312275,0.020166244589574372,0.02602789663199137,0.03754000323217343,0.08373414445373917,-0.03325404633061642,-0.001654147186633772,-0.03490819351725019,0.0019402364945608488,23594031000000
2022,0.08119683152354706,0.12703027038264444,-0.04583343885909739,0.03686528971988464,0.02773011207069206,0.009135177649192585,-0.036698261209904805,0.046007575791711254,0.04150328300362942,0.00450429278808184,0.007329677143989607,0.014449519866837103,-0.007119842722847496,-0.002615549934765656,-0.03931381114467046,3.261717205350444e-4,3.3320245549000964e-4,-7.0307349549652294e-6,0.015091181252036389,0.012535645049344884,0.001167917723154362,2.2579923918902142e-4,0.029020543263724656,0.01588639233489853,0.02953623407732752,0.014222671843980766,0.05964529825620682,-0.030624754992482163,-0.0031346201624076466,-0.03375937515488981,0.005561427880896087,25744108000000
2023,0.0747497115869761,0.11361124903078057,-0.03886153744380446,0.03752046485253519,0.027345483624737238,0.010174981227797952,-0.028686556216006506,0.05031703046697783,0.04786722383573515,0.0024498066312426824,0.00718707164064386,0.014040455854304686,-0.006853384213660827,-0.004403577582418145,-0.033090133798424654,2.996973604885944e-6,2.339832319326807e-4,-2.309862583277947e-4,0.01659607027318328,0.0029809653800208216,0.016187897087581254,1.535035261039142e-6,0.0357664677760464,0.012747517583006575,0.04499393021473864,0.011228563643749747,0.06897001144149496,-0.033203543665448566,-5.716909893612919e-4,-0.03377523465480986,-4.541876949746052e-4,27360935000000
2024,NA,NA,NA,NA,NA,NA,NA,NA,NA,NA,NA,NA,NA,NA,NA,NA,NA,NA,NA,NA,NA,NA,NA,NA,NA,NA,NA,NA,NA,NA,NA,NA
