Year,Merchandise Exports_pct,Merchandise Imports_pct,Merchandise Trade Balance_pct,Service Exports_pct,Service Imports_pct,Service Trade Balance_pct,Total Trade Balance_pct,Primary Income Receipts_pct,Primary Income Payments_pct,Primary Income Balance_pct,Secondary Income Receipts_pct,Secondary Income Payments_pct,Secondary Income Balance_pct,Total Income Balance_pct,Current Account Balance_pct,Capital Account Balance_pct,Net Domestic Investment / Enterprises and households_pct,Net Domestic Investment / Monetary financial institutions (excl. central bank)_pct,Net Domestic Investment / General government_pct,Net Domestic Investment / Central bank_pct,Net Other investment_pct,Net Domestic Investment Abroad_pct,Net Direct Investment_pct,Net Portfolio Investment_pct,Net Financial Derivatives and employee stock options_pct,Financial Account Balance_pct,Net Errors and Omissions_pct,GDP_Wbank
1971,1.486695819880606e-7,1.2165734102880628e-7,2.7012240959254358e-8,2.641798249468769e-8,3.769085175894082e-8,-1.1272869264253124e-8,1.5739371695001236e-8,1.496614976370639e-8,1.3474339178698464e-8,1.4918105850079255e-9,3.2360580524302797e-9,1.537257789569532e-8,-1.213651984326504e-8,-1.0644709258257115e-8,5.094662436744118e-9,-4.802762982318466e-10,-1.691200187732184e-9,-6.027635176764039e-9,3.620804187926697e-10,-1.2789790367215395e-9,-8.635733982425092e-9,1.8603103916098708e-8,8.884398822034083e-10,-2.28104864128386e-9,NA,8.574761174593163e-9,3.960383958713197e-9,448298200000
1972,1.4932384250740744e-7,1.2150589614728346e-7,2.781794636012397e-8,2.5657077930311477e-8,3.7441972234862096e-8,-1.1784894304550614e-8,1.6033052055573357e-8,1.455073469506154e-8,1.4146474135886584e-8,4.0426055917495503e-10,3.19379120073572e-9,1.540711507177209e-8,-1.2213323871036369e-8,-1.1809063311861415e-8,4.2239887437119426e-9,-5.0992247516234e-10,5.692960261957748e-9,-1.1320212250082122e-9,8.627535636887223e-10,-4.1728927656724995e-10,5.006403324071009e-9,1.631479806918173e-8,-1.3380009913691835e-10,-1.5560621924351625e-8,NA,5.626779369764195e-9,1.912715147181521e-9,488766454000
1973,1.6105750183363823e-7,1.2286194076715808e-7,3.819556106648015e-8,2.4209300439879375e-8,3.7696077344595466e-8,-1.3486776904716085e-8,2.4708784161764066e-8,1.6826187503086207e-8,1.5619331461681997e-8,1.2068560414042078e-9,2.880057072685222e-9,1.6122535024604155e-8,-1.3242477951918936e-8,-1.2035621910514729e-8,1.2673162251249337e-8,-4.61978539434304e-10,-7.250794976412911e-9,1.3587376102037583e-9,2.384805703269831e-9,-1.3569612712984547e-11,-3.5208212756523054e-9,2.386822867439335e-8,-1.4530893115408405e-10,-5.482845460750817e-9,NA,1.4719253006836145e-8,2.5080601102284234e-9,544378101000
1974,1.963014067798244e-7,1.4626480173224856e-7,5.0036605047575865e-8,2.478141862813508e-8,3.870155088493683e-8,-1.3920132256801747e-8,3.611647279077412e-8,1.7319331932337808e-8,1.685893015158804e-8,4.6040178074976747e-10,3.412338251753655e-9,1.618335342223504e-8,-1.2771015170481387e-8,-1.2310613389731619e-8,2.3805859401042502e-8,-5.038553175438232e-10,1.1402210091485632e-8,9.727794363511765e-9,1.1006905449639044e-9,6.8651343566656526e-9,2.9095829356626953e-8,-8.613062294061602e-9,5.712505616270341e-11,2.7165453253553442e-9,NA,2.32564374440834e-8,-4.556154760173563e-11,589181040000
1975,1.8018685157577916e-7,1.445903832187373e-7,3.5596468357041824e-8,2.659559027883125e-8,4.120813386323992e-8,-1.4612543584408666e-8,2.098392477263316e-8,1.7144628356445556e-8,1.3940088873974977e-8,3.204539482470578e-9,2.836000210152224e-9,1.644097811196536e-8,-1.3604977901813138e-8,-1.040043841934256e-8,1.05834863532906e-8,-5.271645041065762e-10,-6.08996354215381e-9,1.1412929797855678e-8,-9.921113116540873e-10,-9.141864781788637e-11,4.239436296229895e-9,-1.6549495729855067e-9,3.889807483468842e-9,3.2653410414533364e-9,NA,9.739635248166568e-9,-3.1669632278571445e-10,617171675000
1976,1.907487839732784e-7,1.5926366790685417e-7,3.148511606642422e-8,2.695291236032763e-8,4.108821698457313e-8,-1.4135304624245501e-8,1.7349811442178723e-8,1.8749389049811575e-8,1.4516118939739718e-8,4.233270110071858e-9,2.8533134476271847e-9,1.646104494470786e-8,-1.3607731497080673e-8,-9.374461387008816e-9,7.975350055169907e-9,-4.663535065777161e-10,5.421499247256762e-9,-1.9657021783252853e-9,-1.3830068832634e-9,8.793931584336117e-10,2.9521833441016892e-9,6.304355101249898e-9,3.276079134313198e-9,-3.3569705121942304e-9,NA,9.175647067470554e-9,1.6666445409835596e-9,669131883000
1977,1.899406062983511e-7,1.574370095700227e-7,3.2503596728328395e-8,2.667634323780417e-8,4.1013428476764004e-8,-1.433708523895984e-8,1.8166511489368553e-8,1.9299054563407982e-8,1.6377074048723835e-8,2.921980514684149e-9,3.5354117169425714e-9,1.6992142062418708e-8,-1.3456730345476136e-8,-1.0534749830791988e-8,7.631761658576567e-9,-4.065730206870328e-10,-3.4441472067810036e-9,-2.507471693562284e-9,1.1914121825319714e-9,-9.863338756074192e-10,-5.7465405934187336e-9,8.371434923354965e-9,3.164141647288545e-9,2.3464330115676228e-9,NA,8.135468988792398e-9,9.102789483223677e-10,712971558000
1978,1.8616842617862454e-7,1.52181568022866e-7,3.398685815575855e-8,2.6880262142728473e-8,4.151989061532807e-8,-1.46396284725996e-8,1.9347229683158957e-8,2.2041705129161548e-8,1.4720263594055457e-8,7.3214415351060894e-9,3.3415091762169896e-9,1.7218223148738295e-8,-1.3876713972521305e-8,-6.555272437415215e-9,1.279195724574374e-8,-5.347718098978937e-10,2.9746864380284974e-9,-1.0982832289521198e-8,1.4391370396690067e-9,-5.778716242131717e-9,-1.234772505395541e-8,1.963346332450429e-8,3.6861112313924185e-9,1.9099425278431774e-10,NA,1.116284375472562e-8,-1.0943469410759625e-9,760462673000
1979,1.8773960286996178e-7,1.6866110112322177e-7,1.907850174673997e-8,2.6703992348111804e-8,4.3185299815845835e-8,-1.648130746773403e-8,2.5971942790059368e-9,2.263858832847919e-8,1.7907119052579386e-8,4.731469275899808e-9,2.991635036500681e-9,1.6861211507111564e-8,-1.3869576470610885e-8,-9.138107194711075e-9,-6.540912915705139e-9,-8.874372189129677e-10,5.143284838074055e-9,-1.3347936402621032e-8,1.1217815618609065e-9,2.491268509850119e-10,-6.833743151701061e-9,-4.044636587586424e-9,4.130385789133934e-9,-1.1127866194243911e-9,NA,-7.860780569577941e-9,-4.3242195944535305e-10,825908565000
1980,1.9724203972833245e-7,1.8605948832523183e-7,1.1182551403100596e-8,2.7854415795831198e-8,4.5821621654707684e-8,-1.7967205858876487e-8,-6.78465445577589e-9,2.4022238750950094e-8,1.96884507023538e-8,4.3337880485962956e-9,3.000362357204847e-9,1.6535341571127732e-8,-1.3534979213922886e-8,-9.201191165326591e-9,-1.598584562110248e-8,-1.7595996755082703e-9,-1.6435523899186262e-9,5.614824719232836e-9,-1.1833963076838644e-8,-2.8333187133960307e-9,-1.0696009460920462e-8,-1.3137985472790622e-8,5.043065416817183e-9,3.4437272317932874e-9,NA,-1.5347202285100616e-8,2.398229424558566e-9,883200322000
1981,2.1463837554270497e-7,1.921093920499918e-7,2.252898349271318e-8,3.0252439965487265e-8,4.8886859772250795e-8,-1.8634419806763526e-8,3.894563685949655e-9,2.6530981621337976e-8,2.2583039652954237e-8,3.9479419683837364e-9,2.484230799943599e-9,1.6439061174482655e-8,-1.3954830374539057e-8,-1.000688840615532e-8,-6.112324720205666e-9,-9.92708261955251e-10,-4.8958151543335325e-9,4.694705999205618e-9,-1.1511301433924546e-8,-1.2054289125328537e-9,-1.2917839501585314e-8,-3.500011773667171e-10,6.002971245461327e-9,2.665817722917414e-9,NA,-4.599051710573292e-9,2.505980190442796e-9,924945460000
1982,2.224400068223051e-7,1.872165695828855e-7,3.522343723941965e-8,3.152382752092368e-8,4.826095983047976e-8,-1.673713230955608e-8,1.8486304929863566e-8,2.5166611903039326e-8,2.2144520702612738e-8,3.022091200426585e-9,2.6755945127746288e-9,1.6457642480248758e-8,-1.378204796747413e-8,-1.0759956767047544e-8,7.726348162816019e-9,-9.730675335597966e-10,-2.831585432813407e-9,-5.841151443628571e-10,-2.9603505678101873e-9,-2.367222434834006e-9,-8.743273579820458e-9,4.447681546095124e-9,3.651712388749736e-9,3.97455672754068e-9,NA,3.330677082565083e-9,-3.4226087361134226e-9,963498388000
1983,2.1285263233364858e-7,1.8431620153954427e-7,2.8536430794104303e-8,3.154990904222418e-8,4.659204505654817e-8,-1.5042136014323992e-8,1.3494294779780309e-8,2.61839775310424e-8,1.9981939004714533e-8,6.202038526327868e-9,2.8640390687954192e-9,1.6590865803463905e-8,-1.3726826734668485e-8,-7.524788208340617e-9,5.9695065714396915e-9,-9.81381715993811e-10,4.261800052745555e-9,4.390496352401882e-9,-9.395023687156012e-10,1.1446630651859235e-9,8.857457101617758e-9,-2.723461581618594e-9,3.402756600891204e-9,-1.9084661863589767e-9,NA,7.628285934531392e-9,2.6401640608123426e-9,1006128384000
1984,2.287552226016235e-7,1.9587410742271647e-7,3.288111517890704e-8,3.2722370472070075e-8,4.657411591738226e-8,-1.3851745445312183e-8,1.902936973359485e-8,2.9501160750000703e-8,2.0685772697975802e-8,8.815388052024902e-9,2.5491285737973987e-9,1.7637598146760915e-8,-1.508846957296352e-8,-6.273081520938616e-9,1.2756288212656238e-8,-9.317737005108995e-10,8.587514007412745e-9,2.354077672165413e-9,2.1391179306904646e-9,-7.999816542211238e-10,1.2280727956047499e-8,-9.964456797322805e-10,5.920913232188339e-9,-4.800024508553332e-10,NA,1.6725193057648226e-8,4.900672858887679e-9,1055109196000
1985,2.4159891503109937e-7,2.0022549156914663e-7,4.137342346195276e-8,3.445203009997233e-8,4.70665601031744e-8,-1.2614530003202072e-8,2.8758893458750684e-8,3.0121927477209214e-8,2.129040169136199e-8,8.831525785847228e-9,2.5534242744238643e-9,1.6314018858166976e-8,-1.376059458374311e-8,-4.929068797895882e-9,2.3829824660854807e-8,-1.1586129712021364e-9,6.616941615969633e-9,1.1444618401553566e-8,3.772643360538394e-9,-1.4816587548924485e-9,2.0352544623169144e-8,2.3384301469183285e-9,6.898481393689639e-9,-2.8320573166662168e-9,NA,2.6757398847110895e-8,4.086182622769496e-9,1102611512000
1986,2.2325314353286844e-7,1.6819562086928392e-7,5.5057522663584506e-8,3.142328903539104e-8,4.459985919619441e-8,-1.3176570160803362e-8,4.188095250278114e-8,3.011692342975449e-8,2.2277769103231514e-8,7.839154326522977e-9,2.656309299747094e-9,1.621822139584132e-8,-1.3561912096094228e-8,-5.72275776957125e-9,3.615819473320989e-8,-9.819725635391997e-10,2.4194106569662277e-8,2.1932187449836948e-8,4.969325047538966e-9,-2.332406073194881e-9,4.8763212993843304e-8,4.923860007087915e-9,7.365197097677787e-9,-2.247549016383929e-8,NA,3.857677993476972e-8,3.4005577650990366e-9,1161661784000
1987,2.1615328557377924e-7,1.6111802412840464e-7,5.503526144537457e-8,3.0884003096799803e-8,4.51969500917962e-8,-1.4312946994996391e-8,4.0722314450378184e-8,3.0291180911949606e-8,2.404427305992119e-8,6.246907852028416e-9,2.365087689810886e-9,1.5818082046191062e-8,-1.3452994356380175e-8,-7.2060865043517596e-9,3.351622794602643e-8,-1.049574163539285e-9,4.0997571313413504e-9,2.9310939813817184e-9,7.32885353965026e-9,1.2140603986471382e-9,1.557376505102047e-8,1.6243287295714654e-8,5.1837597770185716e-9,-3.425133563613335e-9,5.057794985003992e-10,3.408145805864076e-8,1.6148084671846887e-9,1193023841000
1988,2.2163004722727206e-7,1.645527656463604e-7,5.707728158091165e-8,3.112135055125216e-8,4.5691864989660556e-8,-1.45705144384084e-8,4.2506767142503255e-8,3.6066562476337356e-8,2.4943121376417444e-8,1.1123441099919912e-8,2.780523674278605e-9,1.7463550970505938e-8,-1.4683027296227335e-8,-3.5595861963074225e-9,3.894718094619583e-8,-8.740419407160357e-10,7.804628127388015e-9,3.318970344288383e-9,6.430690033353298e-9,-2.821447484226607e-9,1.4732841020803087e-8,-1.1241116228235696e-8,9.696780288235002e-9,2.5864831063211703e-8,2.2453690942454169e-10,3.927787305343864e-8,1.2047356375725524e-9,1258167313000
1989,2.341398180185944e-7,1.7781180509367627e-7,5.632801292491813e-8,3.33910917491518e-8,4.660129704362351e-8,-1.3210205294471704e-8,4.311780763044642e-8,4.0225441659410216e-8,2.7426804422842972e-8,1.2798637236567246e-8,2.7207179212456214e-9,1.654233104532745e-8,-1.3821613124081827e-8,-1.0229758875145806e-9,4.209483174293184e-8,-1.0511973530235867e-9,2.0541874787519667e-8,1.7536057082572955e-8,5.490755182763428e-9,-9.299016385223151e-9,3.42696706676329e-8,2.0547863660157128e-9,6.016595154180965e-9,1.8244051284746394e-9,-1.3184071085666615e-10,4.403361660544755e-8,2.9899792411799e-9,1344827397000
1990,2.2282426060988373e-7,1.8034962060473864e-7,4.2474640005145096e-8,3.2701811317164856e-8,4.7821602192562685e-8,-1.511979087539783e-8,2.735484912974727e-8,4.443051377042681e-8,3.078618755341637e-8,1.3644326217010443e-8,3.050448468743424e-9,1.5865221122435556e-8,-1.2814772653692133e-8,8.295535633183088e-10,2.8184402693065577e-8,-1.7881812543529634e-9,6.466365092948841e-9,6.1266236228444455e-9,5.476345147412424e-9,-2.4540482440184744e-10,1.7823929038803865e-8,4.0563780594223695e-9,1.2196955047105996e-8,1.9983675836347056e-9,1.1611273762170437e-11,3.6087241002729105e-8,9.691015464472979e-9,1463577584000
1991,2.045344211123723e-7,1.9315414238869968e-7,1.1380278723672597e-8,3.219755391600454e-8,4.842333900870223e-8,-1.622578509269769e-8,-4.845506369025093e-9,4.365991802244924e-8,3.4720464119056627e-8,8.939453903392607e-9,1.2106131290200528e-8,2.817946020935805e-8,-1.607332891915752e-8,-7.133875015764915e-9,-1.1979381384790008e-8,-1.5903695295749778e-9,-3.065634380123597e-9,-4.5317852188170005e-9,-3.6198946903770968e-9,3.1290578887627697e-9,-8.088256400554926e-9,-3.096804767309875e-9,9.921242275192332e-9,-1.305570185395384e-8,-2.021427670576365e-10,-1.4521663513683944e-8,-9.519144911085887e-10,1585800000000
1992,1.9157555491580788e-7,1.7733824659530218e-7,1.4237308320505742e-8,3.053749926559581e-8,4.964725744098328e-8,-1.9109758175387472e-8,-4.872449854881728e-9,4.1278574198324385e-8,3.325378776306358e-8,8.024786435260801e-9,1.2178624137809478e-8,2.5205763604103264e-8,-1.3027139466293784e-8,-5.002353031032983e-9,-9.874802885914711e-9,-7.485435296053019e-10,-1.7402394745191117e-9,-2.4758997332643973e-8,-3.5119519875915065e-9,4.4530680469548665e-9,-2.555812074779972e-8,1.5887351797233943e-8,9.88048423674841e-9,-1.3927902659130701e-8,1.3835234950589286e-10,-1.3579835023442178e-8,-2.956487432875457e-9,1702060000000
1993,1.7063233726847487e-7,1.5033501704847248e-7,2.0297320220002398e-8,2.9480347708879483e-8,4.949580613288099e-8,-2.001545842400151e-8,2.818617960008897e-10,4.082428936141048e-8,3.5013521123542887e-8,5.8107682378675985e-9,1.298795298391104e-8,2.6914954680191218e-8,-1.3927001696280176e-8,-8.116233458412578e-9,-7.834371662411687e-9,-6.906818817858346e-10,1.4656642621752366e-8,2.5466325697216846e-8,-4.799118733901044e-9,7.798622414886145e-10,3.610371182655678e-8,-6.656633483542657e-9,8.327115352763452e-9,-5.829769088863378e-8,3.242002638658053e-10,-2.0199296928990402e-8,-1.1674241671378557e-8,1750890000000
1994,1.7944750184471594e-7,1.5581525129130115e-7,2.3632250553414776e-8,2.8163378972971493e-8,5.0449305020360196e-8,-2.2285926047388702e-8,1.3463245060260734e-9,3.5996009401218874e-8,3.591709655379738e-8,7.891284742149709e-11,1.274691481511847e-8,2.7334691044245855e-8,-1.458777622912738e-8,-1.4508863381705884e-8,-1.316253887567981e-8,-7.544625727637943e-10,3.955669973490749e-9,-3.9755093875543164e-8,-9.271320270011752e-9,9.054188188352327e-10,-4.416532535322894e-8,-7.95436036183761e-10,5.625932059796124e-9,1.4535707687682764e-8,-4.199081741411823e-10,-2.5219029816074993e-8,-1.1302030553961358e-8,1829550000000
1995,1.8711537730720306e-7,1.6076220488649377e-7,2.6353172420709277e-8,2.891693593932261e-8,5.150401507434248e-8,-2.2587079135019872e-8,3.766093285689406e-9,3.5684772591720725e-8,3.737168335435789e-8,-1.6869107626371661e-9,1.2880302542475762e-8,2.5679695029583924e-8,-1.2799392487108166e-8,-1.448630324974533e-8,-1.0720209964055924e-8,-1.1657866262713697e-9,-6.68950285282987e-9,-1.1520261161927784e-8,-5.368796216635613e-9,9.020009395073392e-10,-2.2676559291885926e-8,2.794389346620149e-9,1.0707311795039613e-8,-1.364310808029093e-8,2.1944938536163114e-10,-2.2598516845155466e-8,-1.071251761576261e-8,1894610000000
1996,1.9401983418168194e-7,1.6390388054419217e-7,3.0115953637489726e-8,3.02570085043042e-8,5.355627882043115e-8,-2.329927031612695e-8,6.816683321362774e-9,3.6952150017175155e-8,3.715391229220664e-8,-2.0176227503148793e-10,1.3765018892670892e-8,2.5243165329086388e-8,-1.1478146436415494e-8,-1.1679908711446982e-8,-4.863225390084207e-9,-1.1825823106309008e-9,-3.5830142918110932e-9,9.58364821118155e-10,-7.318912968803673e-9,3.3491709084095806e-10,-9.608645348655652e-9,-5.008780147602245e-10,1.7971350799945875e-8,-2.528357951056012e-8,2.326047424247156e-9,-1.509570464978297e-8,-9.049891744475325e-9,1921380000000
1997,2.134163240955562e-7,1.7970194120796472e-7,3.371438288759147e-8,3.5005097009407746e-8,5.829736787089208e-8,-2.3292270861484333e-8,1.0422112026107137e-8,4.03878657930296e-8,4.267909236927313e-8,-2.291226576243531e-9,1.449380618514647e-8,2.6071081763251157e-8,-1.1577275578104685e-8,-1.3868502154348216e-8,-3.446390128241079e-9,-2.131897101190628e-10,-6.373766412564058e-9,-1.7269052851643166e-8,-4.893602223185376e-9,3.728934553705733e-11,-2.849913214185554e-8,-1.7311883333758253e-9,1.3787679167835199e-8,-5.278836397011962e-10,3.958159243301124e-9,-1.3012365703796243e-8,-9.352783315911582e-9,1961150000000
1998,2.2166883023401277e-7,1.867091098182107e-7,3.495972041580207e-8,3.659753179575263e-8,5.970576592766156e-8,-2.3108234131908937e-8,1.1851486283893127e-8,4.094377240098887e-8,4.637232106512048e-8,-5.428548664131611e-9,1.4270705215396987e-8,2.5690066123251355e-8,-1.141936090785437e-8,-1.6847909571985984e-8,-4.996423288092853e-9,-2.0963503142343703e-10,-3.54390494534407e-9,-3.675216191261008e-8,-5.23427388528708e-9,-8.725161584972352e-10,-4.6402856901738467e-8,1.8090889685368494e-9,2.9215389044985654e-8,-2.2513989138312775e-9,3.3905992791969896e-9,-1.4239178522850252e-8,-9.033118217650737e-9,2014420000000
1999,2.2640224328471265e-7,1.938530264921242e-7,3.254921679258843e-8,3.6819146580690273e-8,6.375110707557248e-8,-2.6931960494882202e-8,5.617256297706222e-9,4.496166022491114e-8,5.20201429487055e-8,-7.058482723794358e-9,1.7554053450385537e-8,2.7785365723386486e-8,-1.0231312273000952e-8,-1.728979499679531e-8,-1.1672538699089087e-8,-4.48095635791559e-10,-2.1161882125585098e-8,-2.6477551129411305e-8,-5.628733466700332e-9,2.4052027696311687e-8,-2.9216139025385054e-8,-6.086652941519219e-9,2.424973197117719e-8,4.512504127255422e-9,1.0574902402548217e-9,-5.483065628216842e-9,6.637568221104358e-9,2059480000000
2000,2.583579894646506e-7,2.2842455371748005e-7,2.993343574717058e-8,4.2103390087668143e-8,7.021190560858001e-8,-2.810851552091186e-8,1.8249202262587183e-9,5.7725742381785504e-8,6.354190622495958e-8,-5.8161638431740716e-9,1.812183121630656e-8,2.9520582810596038e-8,-1.139875159428948e-8,-1.7214915437463548e-8,-1.5389995211204832e-8,2.41015414230782e-9,-5.128889236590188e-9,-7.220939836611999e-9,2.4094045299157455e-9,-2.009682232621652e-8,-3.003724686950296e-8,-2.770656064937959e-9,-7.266229084581503e-8,7.242511082978915e-8,5.9091992281031155e-9,-2.7135883722363688e-8,-1.4156042179328526e-8,2109090000000
2001,2.6677502738729784e-7,2.2103604582654404e-7,4.573898156075378e-8,4.2756085043313354e-8,7.261762084932844e-8,-2.986153580601508e-8,1.5877445754738696e-8,4.939932521380504e-8,5.658110230421534e-8,-7.181777090410305e-9,2.2083099965938485e-8,3.253179043884117e-8,-1.0448690472902685e-8,-1.7630467563312988e-8,-1.7530218085742953e-9,-1.5005104624080568e-9,5.312606442228915e-10,3.345346414795585e-8,-1.3245928268294253e-8,-1.226458707319543e-8,8.474209450689063e-9,-2.7763916889907665e-9,6.937655002899832e-9,-1.4819932889613078e-8,-3.143638321964153e-9,-5.328098446979102e-9,-2.074567096578199e-9,2172540000000
2002,2.6847931914545154e-7,2.0547471066183828e-7,6.300460848361326e-8,4.7681264899095596e-8,6.96247738976944e-8,-2.1943508998598803e-8,4.106109948501446e-8,4.957326078649027e-8,6.00988895055775e-8,-1.0525628719087221e-8,2.17855658471785e-8,3.255415809873892e-8,-1.0768592251560424e-8,-2.1294220970647644e-8,1.9766878514366814e-8,-1.8850467672374576e-9,-1.461458428111295e-9,4.73081028333303e-8,-8.493998052881553e-9,7.913658035048131e-9,4.526630438738558e-8,-9.395487962440631e-10,-1.671551189198042e-8,-3.045556748494168e-8,2.258352592215166e-10,-2.6184885265590626e-9,-2.0500317999017343e-8,2198120000000
2003,2.694734437526282e-7,2.1208381240476223e-7,5.7389631347866e-8,4.8014774571910456e-8,6.86122180170648e-8,-2.0597443445154345e-8,3.679218790271165e-8,5.041235683247648e-8,6.076845498898972e-8,-1.0356098156513244e-8,2.5860405051614914e-8,3.710393792645044e-8,-1.1243532874835524e-8,-2.159963103134877e-8,1.5192556871362883e-8,2.6584345058035696e-9,1.5846282957356086e-8,5.063883621137925e-8,-9.092908205482983e-9,-8.12590738705987e-9,4.926630357619248e-8,-2.010354634942597e-10,-1.0740515561343298e-8,-2.4593900260900626e-8,6.842161903082427e-10,1.4415068480762531e-8,-3.435921992068983e-9,2211570000000
2004,2.9071876005515974e-7,2.2484832178279087e-7,6.587043827236886e-8,5.402531115747043e-8,6.950486316143063e-8,-1.5479552003960187e-8,5.0390886268408675e-8,6.298603106270884e-8,5.6928409030638406e-8,6.057622032070434e-9,2.0086367413326733e-8,3.078136060675707e-8,-1.0694993193430335e-8,-4.637371161359902e-9,4.575351510704877e-8,-5.0054806145359845e-12,6.983046337711931e-9,3.94247781235083e-8,-6.000571928645934e-9,-3.949812598341671e-9,3.645743993423263e-8,-6.498559128759082e-10,1.0858082138500433e-8,-6.655281279281509e-9,2.9072339692024823e-9,4.2917618849778126e-8,-2.8308921026112473e-9,2262520000000
2005,3.089729437882105e-7,2.4223330405408357e-7,6.673963973412692e-8,5.728226420371366e-8,7.368762055840336e-8,-1.6405356354689704e-8,5.0334283379437223e-08,7.315712075724007e-8,6.492532436601684e-8,8.231796391223218e-9,2.1299501815750487e-8,3.259458901984434e-8,-1.1295087204093852e-8,-3.063290812870633e-9,4.7270992566566585e-8,-1.2064667811616432e-9,-8.268818910025303e-9,2.7269824455602607e-8,-9.913884919438364e-9,9.833230637457332e-10,1.007044368988468e-8,-9.535941371579899e-10,9.520668091298817e-9,1.3051092290817242e-8,3.4790876236174295e-9,3.516769755846018e-8,-1.0896825604922412e-8,2288310000000
2006,3.359114562194979e-7,2.6991290187331246e-7,6.599855434618545e-8,6.160215590252739e-8,7.483937813406678e-8,-1.3237222231539405e-8,5.276133211464604e-8,8.75481019504587e-8,7.063954081204824e-8,1.6908561138410453e-8,1.9967681587200427e-8,3.053938861589548e-8,-1.0571707028695054e-8,6.336854109715397e-9,5.9098186224361436e-8,-5.941683297834874e-10,-6.281177989836819e-9,6.22645990910158e-8,-6.400805423717443e-9,-1.847739488822178e-8,3.1105220789239774e-8,-1.2303000318647593e-9,2.0395972462139635e-8,7.684431968738995e-9,1.8882804769651327e-9,5.984360566521878e-8,1.3395860935482242e-9,2385080000000
2007,3.5189720909763755e-7,2.7397413814486607e-7,7.79230709527715e-8,6.258607829409294e-8,7.538733692064572e-8,-1.2801258626552779e-8,6.512181232621871e-8,9.857909143645855e-8,8.408045848252685e-8,1.4498632953931706e-8,1.9016945850253045e-8,3.0782028765177734e-8,-1.1765082914924686e-8,2.7335500390070207e-9,6.785536236522574e-8,-5.885963473425216e-10,6.927009261667098e-9,6.057447660578903e-8,-9.168127863015343e-9,9.444448800784142e-9,6.777780680522493e-8,3.813506431157608e-10,2.604678922205997e-8,-6.154063051349243e-8,3.343394611029986e-8,6.60992622672081e-8,-1.167500550099019e-9,2499550000000
2008,3.522070874026601e-7,2.81972923907025e-7,7.023416349563516e-8,6.551539255995507e-8,7.672325161300458e-8,-1.1207859053049495e-8,5.9026304442585666e-8,7.803811481686557e-8,6.831416734406968e-8,9.723947472795889e-9,1.9702740635148775e-8,3.1501059890280346e-8,-1.1798319255131573e-8,-2.074371782335684e-9,5.695193266024998e-8,-7.169566736959501e-10,-8.682268927032895e-9,5.044382934941822e-8,-9.379503159250577e-9,-6.6255265090379306e-9,2.5756530754096813e-8,7.886266979253796e-10,1.6991128573055463e-8,-1.2540173336631992e-8,1.0858550396820723e-8,4.185466308526639e-8,-1.4380311723195457e-8,2546490000000
2009,2.962891001868563e-7,2.404219128849055e-7,5.586718730195075e-8,6.643703883911961e-8,7.337232850723505e-8,-6.935289668115449e-9,4.89318976338353e-8,7.552258344134471e-8,5.2668674383517396e-8,2.2853909057827315e-8,1.914678030690223e-8,3.1732504405637584e-8,-1.2585724098735347e-8,1.0268184959091967e-8,5.9200082592927266e-8,-7.349936419801041e-10,6.4289210174467335e-9,-2.5741166032227597e-8,-5.124966369959071e-9,2.1341378647683922e-8,-3.095832737056017e-9,3.536000703266509e-9,1.3166826673426747e-8,3.493306660996921e-8,-2.7978439974976793e-9,4.574221725210877e-8,-1.2722871289962507e-8,2445730000000
2010,3.3492124902511306e-7,2.7279063562626733e-7,6.213061339884574e-8,6.930530455467165e-8,7.911164677897364e-8,-9.806342224301983e-9,5.2324271174543755e-8,7.864905201996569e-8,5.823659881453752e-8,2.041245320542817e-8,1.8497788566526284e-8,3.2659600686320384e-8,-1.4161812119794104e-8,6.250641085634066e-9,5.857491226017782e-8,7.2188426142567004e-12,1.9591614802682888e-8,-8.467162494150677e-8,-2.1860642645453126e-8,4.790248128217127e-8,-3.903817150210575e-8,6.291771954453283e-10,1.7609421307128374e-8,4.4000675401653405e-8,5.279693885509281e-9,2.8480796287630637e-8,-3.010133481516144e-8,2564400000000
2011,3.56304563848587e-7,2.9535499413415707e-7,6.094956971442998e-8,6.9779223406941e-8,8.097543399812887e-8,-1.1196210591187872e-8,4.9753359123242104e-8,8.203757814936366e-8,5.592478281530762e-8,2.611279533405604e-8,2.0618893583213293e-8,3.2321912264809394e-8,-1.1703018681596103e-8,1.4409776652459941e-8,6.416313577570204e-8,-3.9717474271967205e-10,-3.9146293381250075e-9,1.7238413103847696e-8,-6.428345015518497e-9,2.8929625105807926e-8,3.582506385601212e-8,1.0527272457268446e-9,2.781543384962652e-9,-1.2739703960557775e-8,1.0614648643430999e-8,3.753427916957484e-8,-2.623168112089577e-8,2693560000000
2012,3.6215552924806306e-7,2.8897031883466713e-7,7.318521041339592e-8,7.439845008396138e-8,8.584520436671997e-8,-1.1446754282758597e-8,6.173845613063733e-8,7.478262746283662e-8,5.0269264673206305e-8,2.4513362789630314e-8,2.0836210846862468e-8,3.377123676378988e-8,-1.2935025916927415e-8,1.1578336872702902e-8,7.331679300334022e-8,-7.893123180988668e-10,-5.9467302417577626e-9,-4.283253148096208e-8,2.197787827239911e-8,3.684853258830515e-8,1.004714913798441e-8,4.723965599513352e-10,9.63426826114355e-9,1.886345185061068e-8,8.792307608248249e-9,4.780957341793822e-8,-2.471790836007591e-8,2745310000000
2013,3.503106294129155e-7,2.791877912746545e-7,7.112283813826098e-8,7.590660679033204e-8,8.809202304942465e-8,-1.2185416259092607e-8,5.893742187916837e-8,6.828497021004144e-8,4.449916161274832e-8,2.378580859729311e-8,2.294974940864709e-8,3.7255275579348e-8,-1.4305526170700909e-8,9.480282426592206e-9,6.841770430576057e-8,-1.0565415191989613e-9,1.2111890728653494e-8,3.6135323954683694e-8,-5.374441816209294e-9,-4.361738702047059e-8,-7.446141533427002e-10,2.979056325252992e-10,7.165250502427659e-9,5.623646966759742e-8,8.499112170309637e-9,7.145412381951732e-8,4.092960677254699e-9,2811350000000
2014,3.4655746063953703e-7,2.7191358905251366e-7,7.464387158702344e-8,7.99251555118312e-8,8.776178764308626e-8,-7.83663213125506e-9,6.680723945576837e-8,6.470524419029661e-8,4.359412658885097e-8,2.1111117601445634e-8,2.1105699538503056e-8,3.5262437359731914e-8,-1.4156737821228859e-8,6.9543797802167755e-9,7.376161923598514e-8,1.1479762112159817e-10,-6.882989857998313e-9,1.4936318204021958e-8,7.944135641159652e-9,-1.4895727310302894e-8,1.1017366768804054e-9,-8.759690240244857e-10,2.248647790041094e-8,4.3165679794222234e-8,1.3167537396282747e-8,7.904546274377185e-8,5.169042812296109e-9,2927430000000
2015,3.50389266666226e-7,2.6941123892167684e-7,8.097802774454923e-8,8.542777693329544e-8,9.07928434528019e-8,-5.36506651950644e-9,7.561296122504279e-8,6.323600843307404e-8,4.339597446285416e-8,1.9840033970219882e-8,2.351229536907917e-8,3.632385780092394e-8,-1.281156243184477e-8,7.028471538375113e-9,8.26414327634179e-8,-5.846440066354282e-10,-1.1266449120673588e-8,-1.6170657396453612e-8,-2.1617914334243145e-10,1.2885585457573573e-8,-1.476770020289606e-8,-7.311554501054135e-10,1.6943850993661975e-8,6.366423312559068e-8,1.0041564612812192e-8,7.515079307906336e-8,-6.9059963386183244e-09,3026180000000
2016,3.3932465084823624e-7,2.594465537811748e-7,7.987809706706138e-8,8.630527316460058e-8,9.21576392300478e-8,-5.852366065447216e-9,7.402573100161416e-8,6.927259868442041e-8,4.02849087962638e-8,2.8987689888156593e-8,2.064815550890983e-8,3.2852905504124744e-8,-1.2204749995214914e-8,1.678293989294168e-8,9.080867089455585e-8,-4.291823245309022e-10,-2.328813553915157e-9,-2.1765091522741916e-8,1.3729891474253048e-9,1.902604554125701e-8,-3.6948703879747587e-9,5.377425241008824e-10,1.7112302455706057e-8,6.282207264398323e-8,9.125196667028206e-9,8.590244390284362e-8,-4.477043710164161e-9,3134740000000
2017,3.4410596450740095e-7,2.654319470120839e-7,7.867401749531704e-8,8.877033723478496e-8,9.526267584079138e-8,-6.492338606006438e-9,7.21816788893106e-8,6.484932540799961e-8,3.918047019429719e-8,2.5668855213702425e-8,2.0313507755971546e-8,3.591245209907075e-8,-1.5598944343099207e-8,1.0069910870603215e-8,8.225158975991383e-8,-1.982983386182495e-9,-4.955264204997613e-9,-1.1831754490138221e-8,1.5274124928072088e-9,2.5232462138370944e-8,9.972855936042315e-9,-3.883042152817738e-10,1.1305554977411574e-8,5.980500373412995e-8,3.404176716169395e-9,8.409928714847146e-8,3.8306804686639164e-9,3267160000000
2018,3.4423986985395714e-7,2.792443747492906e-7,6.499549510466655e-8,9.171239329064463e-8,9.587539407805793e-8,-4.163000787413276e-9,6.083249431725327e-8,7.598288846959544e-8,3.611311325379964e-8,3.9869775215795815e-8,2.0466496605208815e-8,3.5240602891143826e-8,-1.4774106285935014e-8,2.5095668929860794e-8,8.592816324711406e-8,-1.0704289173810336e-9,5.882219911156011e-9,2.542054554368658e-8,-3.6247512219762585e-9,-1.3320035953587183e-8,1.4357978279279154e-8,1.1639067583829798e-10,1.1752500259994947e-8,4.4624460027633746e-8,6.73547608789315e-9,7.75868053306393e-8,-7.270927810545395e-9,3365450000000
2019,3.378989960018537e-7,2.765304619024729e-7,6.136853409938087e-8,9.41955916767172e-8,9.835293326924017e-8,-4.1573415925229764e-9,5.721119250685789e-8,7.231981543474444e-8,3.4873139307621236e-8,3.744667612712321e-8,2.289459401112803e-8,3.73947845635285e-8,-1.4500190552400471e-8,2.2946485574722735e-8,8.015767808158063e-8,-1.4124521100368152e-9,-7.526613434807763e-9,5.733735834501499e-9,-2.8111775389956015e-10,8.262835373664048e-9,6.18884001945822e-9,-1.5654311463943283e-10,2.4556710639559483e-8,2.1302827198908496e-8,5.916073757019783e-9,5.780790850030655e-8,-2.093731977398528e-8,3474110000000
2020,3.1176097487168486e-7,2.5954130321735275e-7,5.221967165433216e-8,8.578990225429162e-8,8.384111371936082e-8,1.948788534930796e-9,5.4168460189262954e-8,5.54739879485153e-8,2.989573321033102e-8,2.5578254738184284e-8,2.3850272788969748e-8,3.9540597227159616e-8,-1.5690324438189868e-8,9.887930299994416e-9,6.405639048925736e-8,-3.0906819871141363e-9,1.736061262203524e-8,-3.312204052612869e-8,3.0464196631342672e-9,3.800480472892973e-8,2.5289796487970554e-8,-1.507933943056588e-11,-8.079039759322861e-9,5.0673992943036016e-9,2.7374880204951626e-8,4.9637956888472343e-08,-1.1327751613670884e-8,3403730000000
2021,3.3877972356217775e-7,2.867994639870627e-7,5.198025957511506e-8,9.552225573262934e-8,9.507640271461942e-8,4.4585301800992476e-10,5.2426112593124986e-8,6.666434974913267e-8,3.2267255387082065e-8,3.439709436205062e-8,2.730908457615171e-8,4.3756855519772215e-8,-1.6447770943620507e-8,1.7949323418430108e-8,7.037543601155509e-8,-9.57357530857372e-10,1.3942769077665203e-9,-1.3374800204563987e-8,-1.510253355264067e-9,-2.8584269582164232e-8,-4.2075046234225765e-8,8.816257308324925e-9,2.252514506074721e-8,5.466435887158081e-8,1.3235746451229456e-8,5.7166461457656635e-8,-1.2251617575916736e-8,3617450000000
2022,3.608256551133535e-7,3.260587681624841e-7,3.4766886950869406e-8,1.0611358565418476e-7,1.153955068729187e-7,-9.281921218733955e-9,2.548496573213545e-8,8.117185443702426e-8,4.4236165300853016e-8,3.693568913617124e-8,2.74558239893108e-8,4.486353058313407e-8,-1.7407706593823272e-8,1.9527982542347962e-8,4.501294827448341e-8,-5.233658342812777e-9,9.332755538703212e-9,-2.4125716504032953e-8,-5.013272768074783e-9,2.7054125685808695e-8,7.247891952404169e-9,1.1417000059327127e-9,2.8946125809621828e-8,3.3900410388953806e-9,1.0709539802053749e-8,5.143529860890784e-8,1.1656010482845432e-8,3876810000000
2023,3.4049573202690504e-7,2.844230236147104e-7,5.607270841219462e-8,9.938922245193102e-8,1.1505895791476186e-7,-1.5669735462830852e-8,4.040297294936378e-8,9.72469566820992e-8,6.171747978724437e-8,3.5529476894854845e-8,2.741813008958643e-8,4.300454241038931e-8,-1.558641232080288e-8,1.9943064574051966e-8,6.034603752341574e-8,-6.463329014161062e-9,1.8133976598821692e-8,2.3641828514301798e-8,2.121847004241524e-9,-8.271953527647554e-9,3.562569858971747e-8,2.1459807432858713e-10,1.6335034068077922e-8,-1.1735729745993847e-9,9.69785642877248e-9,6.069961418629707e-8,6.816906162342643e-9,4121160000000
2024,NA,NA,NA,NA,NA,NA,NA,NA,NA,NA,NA,NA,NA,NA,NA,NA,NA,NA,NA,NA,NA,NA,NA,NA,NA,NA,NA,NA
