date,value,type
1927,4129394441,Total Receipts
1928,4042348156,Total Receipts
1929,4033250225,Total Receipts
1930,4177941702,Total Receipts
1931,3189638632,Total Receipts
1932,2005725437,Total Receipts
1933,2079696742,Total Receipts
1934,3115554050,Total Receipts
1935,3800467202,Total Receipts
1936,4115956615,Total Receipts
1937,5028840237,Total Receipts
1938,5854661227,Total Receipts
1939,5164823626,Total Receipts
1940,5387124670,Total Receipts
1941,7607211852,Total Receipts
1927,2224992800,Income Tax Revenue
1928,2173952557,Income Tax Revenue
1929,2330711823,Income Tax Revenue
1930,2410986978,Income Tax Revenue
1931,1860394295,Income Tax Revenue
1932,1057335853,Income Tax Revenue
1933,746206445,Income Tax Revenue
1934,817961481,Income Tax Revenue
1935,1099118638,Income Tax Revenue
1936,1426575434,Income Tax Revenue
1937,2163413817,Income Tax Revenue
1938,2640284711,Income Tax Revenue
1939,2188757289,Income Tax Revenue
1940,2125324635,Income Tax Revenue
1941,3469637849,Income Tax Revenue
1927,1904401641,Other Tax Revenue
1928,1868395599,Other Tax Revenue
1929,1702538402,Other Tax Revenue
1930,1766954724,Other Tax Revenue
1931,1329244337,Other Tax Revenue
1932,948389584,Other Tax Revenue
1933,1333490297,Other Tax Revenue
1934,2297592569,Other Tax Revenue
1935,2701348564,Other Tax Revenue
1936,2689381181,Other Tax Revenue
1937,2865426420,Other Tax Revenue
1938,3214376516,Other Tax Revenue
1939,2976066337,Other Tax Revenue
1940,3261800035,Other Tax Revenue
1941,4137574003,Other Tax Revenue
1927,0.041,Unemployment Rate
1928,0.044,Unemployment Rate
1929,0.032,Unemployment Rate
1930,0.089,Unemployment Rate
1931,0.159,Unemployment Rate
1932,0.236,Unemployment Rate
1933,0.249,Unemployment Rate
1934,0.217,Unemployment Rate
1935,0.201,Unemployment Rate
1936,0.17,Unemployment Rate
1937,0.143,Unemployment Rate
1938,0.19,Unemployment Rate
1939,0.172,Unemployment Rate
1940,0.146,Unemployment Rate
1941,0.099,Unemployment Rate
